state_code,date,total_doses,total_vaccinated,total_fully_vaccinated
AN,16/1/2021,225,225,0
AN,17/1/2021,225,225,0
AN,18/1/2021,442,442,0
AN,19/1/2021,644,644,0
AN,20/1/2021,644,644,0
AN,21/1/2021,1032,1032,0
AN,22/1/2021,1466,1466,0
AN,23/1/2021,1998,1998,0
AN,24/1/2021,2019,2019,0
AN,25/1/2021,2369,2369,0
AN,26/1/2021,2369,2369,0
AN,27/1/2021,2385,2385,0
AN,28/1/2021,2656,2656,0
AN,29/1/2021,2727,2727,0
AN,30/1/2021,2727,2727,0
AN,31/1/2021,2727,2727,0
AN,1/2/2021,2727,2727,0
AN,2/2/2021,2727,2727,0
AN,3/2/2021,2772,2772,0
AN,4/2/2021,2938,2938,0
AN,5/2/2021,3161,3161,0
AN,6/2/2021,3161,3161,0
AN,7/2/2021,3397,3397,0
AN,8/2/2021,3397,3397,0
AN,9/2/2021,3413,3413,0
AN,10/2/2021,3413,3413,0
AN,11/2/2021,3454,3454,0
AN,12/2/2021,3454,3454,0
AN,13/2/2021,3646,3646,0
AN,14/2/2021,3646,3646,0
AN,15/2/2021,4029,3847,182
AN,16/2/2021,4029,3847,182
AN,17/2/2021,4227,4045,182
AN,18/2/2021,4842,4347,495
AN,19/2/2021,5348,4453,895
AN,20/2/2021,6152,4846,1306
AN,21/2/2021,6152,4846,1306
AN,22/2/2021,7312,5442,1870
AN,23/2/2021,7583,5565,2018
AN,24/2/2021,7762,5644,2118
AN,25/2/2021,8419,6034,2385
AN,26/2/2021,8556,6134,2422
AN,27/2/2021,8556,6134,2422
AN,28/2/2021,8556,6134,2422
AN,1/3/2021,9137,6581,2556
AN,2/3/2021,9501,6912,2589
AN,3/3/2021,9501,6912,2589
AN,4/3/2021,9501,6912,2589
AN,5/3/2021,11119,8392,2727
AP,16/1/2021,19108,19108,0
AP,17/1/2021,36922,36922,0
AP,18/1/2021,46680,46680,0
AP,19/1/2021,65597,65597,0
AP,20/1/2021,91778,91778,0
AP,21/1/2021,115365,115365,0
AP,22/1/2021,133298,133298,0
AP,23/1/2021,147030,147030,0
AP,24/1/2021,147030,147030,0
AP,25/1/2021,156120,156120,0
AP,26/1/2021,156129,156129,0
AP,27/1/2021,163727,163727,0
AP,28/1/2021,171683,171683,0
AP,29/1/2021,179038,179038,0
AP,30/1/2021,187252,187252,0
AP,31/1/2021,187252,187252,0
AP,1/2/2021,187252,187252,0
AP,2/2/2021,187252,187252,0
AP,3/2/2021,215171,215171,0
AP,4/2/2021,243243,243243,0
AP,5/2/2021,272190,272190,0
AP,6/2/2021,299649,299649,0
AP,7/2/2021,299649,299649,0
AP,8/2/2021,314316,314316,0
AP,9/2/2021,325538,325538,0
AP,10/2/2021,335268,335268,0
AP,11/2/2021,343813,343813,0
AP,12/2/2021,351993,351993,0
AP,13/2/2021,362341,356521,5820
AP,14/2/2021,362341,356521,5820
AP,15/2/2021,376444,361814,14630
AP,16/2/2021,390665,366523,24142
AP,17/2/2021,411783,376308,35475
AP,18/2/2021,438766,386770,51996
AP,19/2/2021,469815,398108,71707
AP,20/2/2021,493471,407935,85536
AP,21/2/2021,503323,413678,89645
AP,22/2/2021,529820,427444,102376
AP,23/2/2021,556810,445327,111483
AP,24/2/2021,592903,472460,120443
AP,25/2/2021,634449,503858,130591
AP,26/2/2021,668944,529607,139337
AP,27/2/2021,668944,529607,139337
AP,28/2/2021,668944,529607,139337
AP,1/3/2021,683633,541202,142431
AP,2/3/2021,699364,554530,144834
AP,3/3/2021,722601,574200,148401
AP,4/3/2021,748938,594085,154853
AP,5/3/2021,785878,619712,166166
AR,16/1/2021,829,829,0
AR,17/1/2021,1751,1751,0
AR,18/1/2021,2805,2805,0
AR,19/1/2021,2805,2805,0
AR,20/1/2021,3023,3023,0
AR,21/1/2021,4682,4682,0
AR,22/1/2021,5956,5956,0
AR,23/1/2021,6511,6511,0
AR,24/1/2021,6511,6511,0
AR,25/1/2021,7307,7307,0
AR,26/1/2021,7307,7307,0
AR,27/1/2021,7307,7307,0
AR,28/1/2021,8656,8656,0
AR,29/1/2021,9265,9265,0
AR,30/1/2021,9651,9651,0
AR,31/1/2021,9651,9651,0
AR,1/2/2021,9791,9791,0
AR,2/2/2021,9791,9791,0
AR,3/2/2021,9846,9846,0
AR,4/2/2021,10889,10889,0
AR,5/2/2021,11834,11834,0
AR,6/2/2021,12346,12346,0
AR,7/2/2021,12346,12346,0
AR,8/2/2021,13479,13479,0
AR,9/2/2021,13480,13480,0
AR,10/2/2021,13480,13480,0
AR,11/2/2021,14322,14322,0
AR,12/2/2021,15098,15098,0
AR,13/2/2021,16094,15633,461
AR,14/2/2021,16094,15633,461
AR,15/2/2021,18187,16613,1574
AR,16/2/2021,18187,16613,1574
AR,17/2/2021,18187,16613,1574
AR,18/2/2021,21300,18359,2941
AR,19/2/2021,23559,19608,3951
AR,20/2/2021,23743,19702,4041
AR,21/2/2021,23743,19702,4041
AR,22/2/2021,26650,21318,5332
AR,23/2/2021,27916,22419,5497
AR,24/2/2021,27930,22433,5497
AR,25/2/2021,30524,24193,6331
AR,26/2/2021,32120,25379,6741
AR,27/2/2021,32120,25379,6741
AR,28/2/2021,32120,25379,6741
AR,1/3/2021,34881,27572,7309
AR,2/3/2021,37031,29580,7451
AR,3/3/2021,37162,29711,7451
AR,4/3/2021,40830,32733,8097
AR,5/3/2021,43918,34966,8952
AS,16/1/2021,3528,3528,0
AS,17/1/2021,3528,3528,0
AS,18/1/2021,5542,5542,0
AS,19/1/2021,7585,7585,0
AS,20/1/2021,7585,7585,0
AS,21/1/2021,10676,10676,0
AS,22/1/2021,13881,13881,0
AS,23/1/2021,13881,13881,0
AS,24/1/2021,13881,13881,0
AS,25/1/2021,19837,19837,0
AS,26/1/2021,19837,19837,0
AS,27/1/2021,19945,19945,0
AS,28/1/2021,28918,28918,0
AS,29/1/2021,36932,36932,0
AS,30/1/2021,38106,38106,0
AS,31/1/2021,38106,38106,0
AS,1/2/2021,39724,39724,0
AS,2/2/2021,42435,42435,0
AS,3/2/2021,43607,43607,0
AS,4/2/2021,60556,60556,0
AS,5/2/2021,77225,77225,0
AS,6/2/2021,87269,87269,0
AS,7/2/2021,88585,88585,0
AS,8/2/2021,99889,99889,0
AS,9/2/2021,108887,108887,0
AS,10/2/2021,110977,110977,0
AS,11/2/2021,117607,117607,0
AS,12/2/2021,125038,125038,0
AS,13/2/2021,129781,127566,2215
AS,14/2/2021,129873,127658,2215
AS,15/2/2021,132475,128613,3862
AS,16/2/2021,135419,130058,5361
AS,17/2/2021,137224,131651,5573
AS,18/2/2021,146748,138795,7953
AS,19/2/2021,157532,147368,10164
AS,20/2/2021,164309,153259,11050
AS,21/2/2021,165804,154754,11050
AS,22/2/2021,179102,165110,13992
AS,23/2/2021,190374,175185,15189
AS,24/2/2021,195420,179625,15795
AS,25/2/2021,211037,189569,21468
AS,26/2/2021,223581,195906,27675
AS,27/2/2021,223581,195906,27675
AS,28/2/2021,223581,195906,27675
AS,1/3/2021,230799,201640,29159
AS,2/3/2021,251303,220573,30730
AS,3/3/2021,270406,238570,31836
AS,4/3/2021,316106,279061,37045
AS,5/3/2021,357619,312558,45061
BR,16/1/2021,18122,18122,0
BR,17/1/2021,18122,18122,0
BR,18/1/2021,33389,33389,0
BR,19/1/2021,47395,47395,0
BR,20/1/2021,47433,47433,0
BR,21/1/2021,63541,63541,0
BR,22/1/2021,63620,63620,0
BR,23/1/2021,76125,76125,0
BR,24/1/2021,76125,76125,0
BR,25/1/2021,88450,88450,0
BR,26/1/2021,88450,88450,0
BR,27/1/2021,89074,89074,0
BR,28/1/2021,107174,107174,0
BR,29/1/2021,110396,110396,0
BR,30/1/2021,146015,146015,0
BR,31/1/2021,148293,148293,0
BR,1/2/2021,184215,184215,0
BR,2/2/2021,222153,222153,0
BR,3/2/2021,264097,264097,0
BR,4/2/2021,312339,312339,0
BR,5/2/2021,354360,354360,0
BR,6/2/2021,374538,374538,0
BR,7/2/2021,380229,380229,0
BR,8/2/2021,397555,397555,0
BR,9/2/2021,415989,415989,0
BR,10/2/2021,430307,430307,0
BR,11/2/2021,448903,448903,0
BR,12/2/2021,471683,471683,0
BR,13/2/2021,491233,491233,0
BR,14/2/2021,492152,492152,0
BR,15/2/2021,509026,495717,13309
BR,16/2/2021,510485,496988,13497
BR,17/2/2021,518095,502903,15192
BR,18/2/2021,540107,506688,33419
BR,19/2/2021,550433,515363,35070
BR,20/2/2021,561343,522379,38964
BR,21/2/2021,561857,522811,39046
BR,22/2/2021,582950,526159,56791
BR,23/2/2021,592457,532936,59521
BR,24/2/2021,600795,540315,60480
BR,25/2/2021,624386,548175,76211
BR,26/2/2021,639370,560158,79212
BR,27/2/2021,639370,560158,79212
BR,28/2/2021,639370,560158,79212
BR,1/3/2021,643349,562270,81079
BR,2/3/2021,660596,569040,91556
BR,3/3/2021,692382,583179,109203
BR,4/3/2021,742349,601638,140711
BR,5/3/2021,788907,623488,165419
CH,16/1/2021,265,265,0
CH,17/1/2021,265,265,0
CH,18/1/2021,265,265,0
CH,19/1/2021,469,469,0
CH,20/1/2021,469,469,0
CH,21/1/2021,753,753,0
CH,22/1/2021,1157,1157,0
CH,23/1/2021,1502,1502,0
CH,24/1/2021,1502,1502,0
CH,25/1/2021,1928,1928,0
CH,26/1/2021,1928,1928,0
CH,27/1/2021,2355,2355,0
CH,28/1/2021,2764,2764,0
CH,29/1/2021,2977,2977,0
CH,30/1/2021,3447,3447,0
CH,31/1/2021,3447,3447,0
CH,1/2/2021,3803,3803,0
CH,2/2/2021,4019,4019,0
CH,3/2/2021,4399,4399,0
CH,4/2/2021,4782,4782,0
CH,5/2/2021,5234,5234,0
CH,6/2/2021,5645,5645,0
CH,7/2/2021,5645,5645,0
CH,8/2/2021,6027,6027,0
CH,9/2/2021,6458,6458,0
CH,10/2/2021,6903,6903,0
CH,11/2/2021,7374,7374,0
CH,12/2/2021,8017,8017,0
CH,13/2/2021,8803,8660,143
CH,14/2/2021,8803,8660,143
CH,15/2/2021,9356,9212,144
CH,16/2/2021,10008,9756,252
CH,17/2/2021,10860,10583,277
CH,18/2/2021,11804,11381,423
CH,19/2/2021,12647,12100,547
CH,20/2/2021,13748,12953,795
CH,21/2/2021,13748,12953,795
CH,22/2/2021,15287,14198,1089
CH,23/2/2021,17003,15766,1237
CH,24/2/2021,18562,17256,1306
CH,25/2/2021,20462,18894,1568
CH,26/2/2021,22602,20890,1712
CH,27/2/2021,22602,20890,1712
CH,28/2/2021,22602,20890,1712
CH,1/3/2021,24323,22424,1899
CH,2/3/2021,24265,22299,1966
CH,3/3/2021,26991,24832,2159
CH,4/3/2021,29841,27336,2505
CH,5/3/2021,32619,29803,2816
CG,16/1/2021,5592,5592,0
CG,17/1/2021,5592,5592,0
CG,18/1/2021,10872,10872,0
CG,19/1/2021,10872,10872,0
CG,20/1/2021,16255,16255,0
CG,21/1/2021,22171,22171,0
CG,22/1/2021,22259,22259,0
CG,23/1/2021,28732,28732,0
CG,24/1/2021,28732,28732,0
CG,25/1/2021,40025,40025,0
CG,26/1/2021,40025,40025,0
CG,27/1/2021,51647,51647,0
CG,28/1/2021,62115,62115,0
CG,29/1/2021,62529,62529,0
CG,30/1/2021,72704,72704,0
CG,31/1/2021,72704,72704,0
CG,1/2/2021,76705,76705,0
CG,2/2/2021,79676,79676,0
CG,3/2/2021,101564,101564,0
CG,4/2/2021,131173,131173,0
CG,5/2/2021,150487,150487,0
CG,6/2/2021,168881,168881,0
CG,7/2/2021,168881,168881,0
CG,8/2/2021,184733,184733,0
CG,9/2/2021,198567,198567,0
CG,10/2/2021,216784,216784,0
CG,11/2/2021,233126,233126,0
CG,12/2/2021,247745,247745,0
CG,13/2/2021,262107,261274,833
CG,14/2/2021,262987,262092,895
CG,15/2/2021,287224,282031,5193
CG,16/2/2021,302990,296308,6682
CG,17/2/2021,318380,308551,9829
CG,18/2/2021,336131,321706,14425
CG,19/2/2021,346550,330446,16104
CG,20/2/2021,361225,340557,20668
CG,21/2/2021,361950,341251,20699
CG,22/2/2021,378902,350716,28186
CG,23/2/2021,389026,358080,30946
CG,24/2/2021,405883,366493,39390
CG,25/2/2021,421991,373644,48347
CG,26/2/2021,429625,377834,51791
CG,27/2/2021,429625,377834,51791
CG,28/2/2021,429625,377834,51791
CG,1/3/2021,443837,386030,57807
CG,2/3/2021,460063,398574,61489
CG,3/3/2021,490690,419066,71624
CG,4/3/2021,535205,446330,88875
CG,5/3/2021,580137,476352,103785
DN,16/1/2021,80,80,0
DN,17/1/2021,80,80,0
DN,18/1/2021,80,80,0
DN,19/1/2021,125,125,0
DN,20/1/2021,125,125,0
DN,21/1/2021,184,184,0
DN,22/1/2021,262,262,0
DN,23/1/2021,345,345,0
DN,24/1/2021,345,345,0
DN,25/1/2021,345,345,0
DN,26/1/2021,345,345,0
DN,27/1/2021,345,345,0
DN,28/1/2021,493,493,0
DN,29/1/2021,607,607,0
DN,30/1/2021,692,692,0
DN,31/1/2021,692,692,0
DN,1/2/2021,832,832,0
DN,2/2/2021,867,867,0
DN,3/2/2021,926,926,0
DN,4/2/2021,1075,1075,0
DN,5/2/2021,1214,1214,0
DN,6/2/2021,1504,1504,0
DN,7/2/2021,1504,1504,0
DN,8/2/2021,1550,1550,0
DN,9/2/2021,1697,1697,0
DN,10/2/2021,2326,2326,0
DN,11/2/2021,2698,2698,0
DN,12/2/2021,2890,2890,0
DN,13/2/2021,2963,2922,41
DN,14/2/2021,2963,2922,41
DN,15/2/2021,3106,3061,45
DN,16/2/2021,3245,3175,70
DN,17/2/2021,4237,4143,94
DN,18/2/2021,4607,4493,114
DN,19/2/2021,4970,4801,169
DN,20/2/2021,5183,4939,244
DN,21/2/2021,5183,4939,244
DN,22/2/2021,5271,5019,252
DN,23/2/2021,5289,5028,261
DN,24/2/2021,5313,5047,266
DN,25/2/2021,5589,5252,337
DN,26/2/2021,5784,5352,432
DN,27/2/2021,5784,5352,432
DN,28/2/2021,5784,5352,432
DN,1/3/2021,5597,5063,534
DN,2/3/2021,5910,5334,576
DN,3/3/2021,6135,5529,606
DN,4/3/2021,6610,5892,718
DN,5/3/2021,7185,6407,778
DD,16/1/2021,43,43,0
DD,17/1/2021,43,43,0
DD,18/1/2021,43,43,0
DD,19/1/2021,94,94,0
DD,20/1/2021,94,94,0
DD,21/1/2021,94,94,0
DD,22/1/2021,94,94,0
DD,23/1/2021,283,283,0
DD,24/1/2021,283,283,0
DD,25/1/2021,320,320,0
DD,26/1/2021,320,320,0
DD,27/1/2021,320,320,0
DD,28/1/2021,286,286,0
DD,29/1/2021,333,333,0
DD,30/1/2021,391,391,0
DD,31/1/2021,391,391,0
DD,1/2/2021,441,441,0
DD,2/2/2021,469,469,0
DD,3/2/2021,561,561,0
DD,4/2/2021,561,561,0
DD,5/2/2021,674,674,0
DD,6/2/2021,708,708,0
DD,7/2/2021,708,708,0
DD,8/2/2021,745,745,0
DD,9/2/2021,843,843,0
DD,10/2/2021,1030,1030,0
DD,11/2/2021,1030,1030,0
DD,12/2/2021,1095,1095,0
DD,13/2/2021,1151,1121,30
DD,14/2/2021,1151,1121,30
DD,15/2/2021,1288,1258,30
DD,16/2/2021,1402,1308,94
DD,17/2/2021,1574,1480,94
DD,18/2/2021,1734,1640,94
DD,19/2/2021,1825,1672,153
DD,20/2/2021,1948,1735,213
DD,21/2/2021,1948,1735,213
DD,22/2/2021,2021,1767,254
DD,23/2/2021,2062,1808,254
DD,24/2/2021,2112,1858,254
DD,25/2/2021,2405,2151,254
DD,26/2/2021,2658,2371,287
DD,27/2/2021,2658,2371,287
DD,28/2/2021,2658,2371,287
DD,1/3/2021,2658,2371,287
DD,2/3/2021,3043,2718,325
DD,3/3/2021,3870,3386,484
DD,4/3/2021,4357,3735,622
DD,5/3/2021,4910,4156,754
DL,16/1/2021,4319,4319,0
DL,17/1/2021,4319,4319,0
DL,18/1/2021,7968,7968,0
DL,19/1/2021,12902,12902,0
DL,20/1/2021,12902,12902,0
DL,21/1/2021,18844,18844,0
DL,22/1/2021,18844,18844,0
DL,23/1/2021,25811,25811,0
DL,24/1/2021,25811,25811,0
DL,25/1/2021,33219,33219,0
DL,26/1/2021,33219,33219,0
DL,27/1/2021,39764,39764,0
DL,28/1/2021,48008,48008,0
DL,29/1/2021,48008,48008,0
DL,30/1/2021,56818,56818,0
DL,31/1/2021,56818,56818,0
DL,1/2/2021,64711,64711,0
DL,2/2/2021,74068,74068,0
DL,3/2/2021,81433,81433,0
DL,4/2/2021,90927,90927,0
DL,5/2/2021,100079,100079,0
DL,6/2/2021,109589,109589,0
DL,7/2/2021,109589,109589,0
DL,8/2/2021,119329,119329,0
DL,9/2/2021,132046,132046,0
DL,10/2/2021,146789,146789,0
DL,11/2/2021,162596,162596,0
DL,12/2/2021,177439,177439,0
DL,13/2/2021,191207,189351,1856
DL,14/2/2021,191207,189351,1856
DL,15/2/2021,206172,202125,4047
DL,16/2/2021,221225,214646,6579
DL,17/2/2021,236562,228911,7651
DL,18/2/2021,260979,249791,11188
DL,19/2/2021,285300,272322,12978
DL,20/2/2021,311410,294081,17329
DL,21/2/2021,311410,294081,17329
DL,22/2/2021,338629,315841,22788
DL,23/2/2021,359095,334333,24762
DL,24/2/2021,377694,348669,29025
DL,25/2/2021,396639,362072,34567
DL,26/2/2021,409959,372906,37053
DL,27/2/2021,409959,372906,37053
DL,28/2/2021,409959,372906,37053
DL,1/3/2021,425480,385341,40139
DL,2/3/2021,446757,402942,43815
DL,3/3/2021,471811,423800,48011
DL,4/3/2021,499770,446950,52820
DL,5/3/2021,526827,468847,57980
GA,16/1/2021,426,426,0
GA,17/1/2021,426,426,0
GA,18/1/2021,426,426,0
GA,19/1/2021,426,426,0
GA,20/1/2021,426,426,0
GA,21/1/2021,426,426,0
GA,22/1/2021,946,946,0
GA,23/1/2021,1561,1561,0
GA,24/1/2021,1561,1561,0
GA,25/1/2021,1796,1796,0
GA,26/1/2021,1796,1796,0
GA,27/1/2021,2311,2311,0
GA,28/1/2021,2882,2882,0
GA,29/1/2021,3391,3391,0
GA,30/1/2021,4117,4117,0
GA,31/1/2021,4117,4117,0
GA,1/2/2021,4509,4509,0
GA,2/2/2021,5422,5422,0
GA,3/2/2021,6326,6326,0
GA,4/2/2021,7193,7193,0
GA,5/2/2021,7939,7939,0
GA,6/2/2021,8257,8257,0
GA,7/2/2021,8257,8257,0
GA,8/2/2021,8352,8352,0
GA,9/2/2021,8929,8929,0
GA,10/2/2021,9961,9961,0
GA,11/2/2021,11391,11391,0
GA,12/2/2021,12949,12949,0
GA,13/2/2021,13683,13166,517
GA,14/2/2021,13683,13166,517
GA,15/2/2021,13683,13166,517
GA,16/2/2021,13501,13147,354
GA,17/2/2021,14046,13692,354
GA,18/2/2021,14218,13862,356
GA,19/2/2021,15020,14386,634
GA,20/2/2021,16183,15070,1113
GA,21/2/2021,16183,15070,1113
GA,22/2/2021,16811,15542,1269
GA,23/2/2021,17084,15804,1280
GA,24/2/2021,18300,16741,1559
GA,25/2/2021,19793,17875,1918
GA,26/2/2021,20794,18722,2072
GA,27/2/2021,20794,18722,2072
GA,28/2/2021,20794,18722,2072
GA,1/3/2021,22943,20622,2321
GA,2/3/2021,26408,23200,3208
GA,3/3/2021,30501,26530,3971
GA,4/3/2021,35482,30473,5009
GA,5/3/2021,39766,33856,5910
GJ,16/1/2021,10787,10787,0
GJ,17/1/2021,10787,10787,0
GJ,18/1/2021,10787,10787,0
GJ,19/1/2021,21832,21832,0
GJ,20/1/2021,21832,21832,0
GJ,21/1/2021,34865,34865,0
GJ,22/1/2021,46150,46150,0
GJ,23/1/2021,78466,78466,0
GJ,24/1/2021,78466,78466,0
GJ,25/1/2021,91927,91927,0
GJ,26/1/2021,91927,91927,0
GJ,27/1/2021,94524,94524,0
GJ,28/1/2021,162616,162616,0
GJ,29/1/2021,221675,221675,0
GJ,30/1/2021,246054,246054,0
GJ,31/1/2021,247891,247891,0
GJ,1/2/2021,256097,256097,0
GJ,2/2/2021,287852,287852,0
GJ,3/2/2021,311251,311251,0
GJ,4/2/2021,348183,348183,0
GJ,5/2/2021,394416,394416,0
GJ,6/2/2021,438573,438573,0
GJ,7/2/2021,451002,451002,0
GJ,8/2/2021,505960,505960,0
GJ,9/2/2021,572412,572412,0
GJ,10/2/2021,614530,614530,0
GJ,11/2/2021,645439,645439,0
GJ,12/2/2021,667073,667073,0
GJ,13/2/2021,680326,680326,0
GJ,14/2/2021,683903,683903,0
GJ,15/2/2021,699352,690074,9278
GJ,16/2/2021,711437,695628,15809
GJ,17/2/2021,717244,699443,17801
GJ,18/2/2021,839199,811152,28047
GJ,19/2/2021,856657,819060,37597
GJ,20/2/2021,882070,821940,60130
GJ,21/2/2021,883118,822193,60925
GJ,22/2/2021,897666,824119,73547
GJ,23/2/2021,905054,826583,78471
GJ,24/2/2021,910683,830565,80118
GJ,25/2/2021,958094,832737,125357
GJ,26/2/2021,1001170,833722,167448
GJ,27/2/2021,1001170,833722,167448
GJ,28/2/2021,1001170,833722,167448
GJ,1/3/2021,1070108,889167,180941
GJ,2/3/2021,1171503,979651,191852
GJ,3/3/2021,1229465,1028606,200859
GJ,4/3/2021,1421761,1156897,264864
GJ,5/3/2021,1605119,1295464,309655
HR,16/1/2021,5907,5907,0
HR,17/1/2021,5907,5907,0
HR,18/1/2021,17642,17642,0
HR,19/1/2021,28771,28771,0
HR,20/1/2021,30402,30402,0
HR,21/1/2021,45893,45893,0
HR,22/1/2021,62142,62142,0
HR,23/1/2021,71297,71297,0
HR,24/1/2021,72204,72204,0
HR,25/1/2021,105419,105419,0
HR,26/1/2021,105419,105419,0
HR,27/1/2021,109782,109782,0
HR,28/1/2021,115968,115968,0
HR,29/1/2021,123935,123935,0
HR,30/1/2021,125898,125898,0
HR,31/1/2021,125977,125977,0
HR,1/2/2021,126759,126759,0
HR,2/2/2021,127893,127893,0
HR,3/2/2021,129866,129866,0
HR,4/2/2021,133637,133637,0
HR,5/2/2021,137706,137706,0
HR,6/2/2021,139068,139068,0
HR,7/2/2021,139129,139129,0
HR,8/2/2021,169055,169055,0
HR,9/2/2021,180663,180663,0
HR,10/2/2021,183529,183529,0
HR,11/2/2021,190390,190390,0
HR,12/2/2021,194124,194124,0
HR,13/2/2021,196333,195745,588
HR,14/2/2021,196352,195764,588
HR,15/2/2021,204984,201007,3977
HR,16/2/2021,205871,201098,4773
HR,17/2/2021,209684,201675,8009
HR,18/2/2021,220266,203766,16500
HR,19/2/2021,226709,205616,21093
HR,20/2/2021,232295,208308,23987
HR,21/2/2021,232295,208308,23987
HR,22/2/2021,255613,213802,41811
HR,23/2/2021,268853,215743,53110
HR,24/2/2021,271497,216422,55075
HR,25/2/2021,289033,220672,68361
HR,26/2/2021,293824,221841,71983
HR,27/2/2021,293824,221841,71983
HR,28/2/2021,293824,221841,71983
HR,1/3/2021,299672,225281,74391
HR,2/3/2021,308375,231579,76796
HR,3/3/2021,314562,236507,78055
HR,4/3/2021,333415,251481,81934
HR,5/3/2021,353760,268976,84784
HP,16/1/2021,1536,1536,0
HP,17/1/2021,1536,1536,0
HP,18/1/2021,4817,4817,0
HP,19/1/2021,5049,5049,0
HP,20/1/2021,5094,5094,0
HP,21/1/2021,5790,5790,0
HP,22/1/2021,9609,9609,0
HP,23/1/2021,13544,13544,0
HP,24/1/2021,13544,13544,0
HP,25/1/2021,13544,13544,0
HP,26/1/2021,13544,13544,0
HP,27/1/2021,14054,14054,0
HP,28/1/2021,18848,18848,0
HP,29/1/2021,22918,22918,0
HP,30/1/2021,27734,27734,0
HP,31/1/2021,27734,27734,0
HP,1/2/2021,33434,33434,0
HP,2/2/2021,39570,39570,0
HP,3/2/2021,43926,43926,0
HP,4/2/2021,48360,48360,0
HP,5/2/2021,51555,51555,0
HP,6/2/2021,54573,54573,0
HP,7/2/2021,54573,54573,0
HP,8/2/2021,58031,58031,0
HP,9/2/2021,61271,61271,0
HP,10/2/2021,66101,66101,0
HP,11/2/2021,72191,72191,0
HP,12/2/2021,79166,79166,0
HP,13/2/2021,81957,81482,475
HP,14/2/2021,81957,81482,475
HP,15/2/2021,84294,82400,1894
HP,16/2/2021,87132,84225,2907
HP,17/2/2021,91805,87499,4306
HP,18/2/2021,158939,90908,68031
HP,19/2/2021,164024,92702,71322
HP,20/2/2021,106973,94897,12076
HP,21/2/2021,107197,95105,12092
HP,22/2/2021,108690,96278,12412
HP,23/2/2021,110279,97607,12672
HP,24/2/2021,111699,98881,12818
HP,25/2/2021,117764,100723,17041
HP,26/2/2021,122428,101504,20924
HP,27/2/2021,122428,101504,20924
HP,28/2/2021,122428,101504,20924
HP,1/3/2021,128093,102373,25720
HP,2/3/2021,134004,104268,29736
HP,3/3/2021,140098,106114,33984
HP,4/3/2021,149904,110698,39206
HP,5/3/2021,159871,117053,42818
JK,16/1/2021,2160,2160,0
JK,17/1/2021,2160,2160,0
JK,18/1/2021,3375,3375,0
JK,19/1/2021,4414,4414,0
JK,20/1/2021,4414,4414,0
JK,21/1/2021,6847,6847,0
JK,22/1/2021,9827,9827,0
JK,23/1/2021,11647,11647,0
JK,24/1/2021,11647,11647,0
JK,25/1/2021,16173,16173,0
JK,26/1/2021,16173,16173,0
JK,27/1/2021,16331,16331,0
JK,28/1/2021,22401,22401,0
JK,29/1/2021,26634,26634,0
JK,30/1/2021,26634,26634,0
JK,31/1/2021,26634,26634,0
JK,1/2/2021,26634,26634,0
JK,2/2/2021,26634,26634,0
JK,3/2/2021,26634,26634,0
JK,4/2/2021,34475,34475,0
JK,5/2/2021,41624,41624,0
JK,6/2/2021,49419,49419,0
JK,7/2/2021,49419,49419,0
JK,8/2/2021,61035,61035,0
JK,9/2/2021,74219,74219,0
JK,10/2/2021,74219,74219,0
JK,11/2/2021,93570,93570,0
JK,12/2/2021,111470,111470,0
JK,13/2/2021,129629,128822,807
JK,14/2/2021,129629,128822,807
JK,15/2/2021,147449,145600,1849
JK,16/2/2021,162266,159765,2501
JK,17/2/2021,162266,159765,2501
JK,18/2/2021,181551,177795,3756
JK,19/2/2021,195122,189840,5282
JK,20/2/2021,207426,200695,6731
JK,21/2/2021,207426,200695,6731
JK,22/2/2021,219859,210544,9315
JK,23/2/2021,228195,217910,10285
JK,24/2/2021,228195,217910,10285
JK,25/2/2021,243885,230494,13391
JK,26/2/2021,257072,240817,16255
JK,27/2/2021,257072,240817,16255
JK,28/2/2021,257072,240817,16255
JK,1/3/2021,268556,251276,17280
JK,2/3/2021,280141,262045,18096
JK,3/3/2021,280141,262045,18096
JK,4/3/2021,299418,279250,20168
JK,5/3/2021,318648,295633,23015
JH,16/1/2021,3096,3096,0
JH,17/1/2021,3096,3096,0
JH,18/1/2021,6059,6059,0
JH,19/1/2021,8808,8808,0
JH,20/1/2021,11641,11641,0
JH,21/1/2021,11641,11641,0
JH,22/1/2021,14806,14806,0
JH,23/1/2021,14806,14806,0
JH,24/1/2021,14806,14806,0
JH,25/1/2021,18413,18413,0
JH,26/1/2021,18413,18413,0
JH,27/1/2021,24020,24020,0
JH,28/1/2021,24315,24315,0
JH,29/1/2021,33119,33119,0
JH,30/1/2021,40726,40726,0
JH,31/1/2021,40860,40860,0
JH,1/2/2021,48057,48057,0
JH,2/2/2021,55671,55671,0
JH,3/2/2021,67970,67970,0
JH,4/2/2021,75205,75205,0
JH,5/2/2021,85580,85580,0
JH,6/2/2021,95934,95934,0
JH,7/2/2021,106577,106577,0
JH,8/2/2021,124505,124505,0
JH,9/2/2021,143401,143401,0
JH,10/2/2021,160492,160492,0
JH,11/2/2021,174080,174080,0
JH,12/2/2021,188095,188095,0
JH,13/2/2021,200881,199008,1873
JH,14/2/2021,208391,206182,2209
JH,15/2/2021,221747,217610,4137
JH,16/2/2021,229413,224005,5408
JH,17/2/2021,240212,232671,7541
JH,18/2/2021,247447,238852,8595
JH,19/2/2021,256735,246213,10522
JH,20/2/2021,263959,252634,11325
JH,21/2/2021,266015,254531,11484
JH,22/2/2021,274733,261339,13394
JH,23/2/2021,282134,267556,14578
JH,24/2/2021,289872,272164,17708
JH,25/2/2021,299779,280339,19440
JH,26/2/2021,308208,284371,23837
JH,27/2/2021,308208,284371,23837
JH,28/2/2021,308208,284371,23837
JH,1/3/2021,316296,288240,28056
JH,2/3/2021,327579,295125,32454
JH,3/3/2021,344920,305650,39270
JH,4/3/2021,361482,315807,45675
JH,5/3/2021,382065,327826,54239
KA,16/1/2021,13594,13594,0
KA,17/1/2021,29504,29504,0
KA,18/1/2021,66392,66392,0
KA,19/1/2021,82975,82975,0
KA,20/1/2021,121466,121466,0
KA,21/1/2021,138807,138807,0
KA,22/1/2021,184699,184699,0
KA,23/1/2021,188971,188971,0
KA,24/1/2021,191449,191449,0
KA,25/1/2021,231172,231172,0
KA,26/1/2021,231607,231607,0
KA,27/1/2021,267811,267811,0
KA,28/1/2021,286089,286089,0
KA,29/1/2021,307891,307891,0
KA,30/1/2021,315370,315370,0
KA,31/1/2021,315370,315370,0
KA,1/2/2021,316228,316228,0
KA,2/2/2021,316368,316368,0
KA,3/2/2021,316638,316638,0
KA,4/2/2021,330112,330112,0
KA,5/2/2021,360592,360592,0
KA,6/2/2021,386186,386186,0
KA,7/2/2021,388769,388769,0
KA,8/2/2021,415403,415403,0
KA,9/2/2021,441692,441692,0
KA,10/2/2021,464485,464485,0
KA,11/2/2021,477005,477005,0
KA,12/2/2021,491552,491552,0
KA,13/2/2021,496159,496159,0
KA,14/2/2021,496234,496234,0
KA,15/2/2021,512476,500491,11985
KA,16/2/2021,534058,505157,28901
KA,17/2/2021,565093,510696,54397
KA,18/2/2021,582691,519158,63533
KA,19/2/2021,629420,529968,99452
KA,20/2/2021,654298,540868,113430
KA,21/2/2021,655375,541332,114043
KA,22/2/2021,693964,553888,140076
KA,23/2/2021,727360,569416,157944
KA,24/2/2021,765669,586545,179124
KA,25/2/2021,789208,596274,192934
KA,26/2/2021,818722,604954,213768
KA,27/2/2021,818722,604954,213768
KA,28/2/2021,818722,604954,213768
KA,1/3/2021,823660,608840,214820
KA,2/3/2021,836350,619620,216730
KA,3/3/2021,857102,637890,219212
KA,4/3/2021,879036,656627,222409
KA,5/3/2021,909602,681345,228257
KL,16/1/2021,8062,8062,0
KL,17/1/2021,8407,8407,0
KL,18/1/2021,15477,15477,0
KL,19/1/2021,24007,24007,0
KL,20/1/2021,24269,24269,0
KL,21/1/2021,35173,35173,0
KL,22/1/2021,47293,47293,0
KL,23/1/2021,53529,53529,0
KL,24/1/2021,53529,53529,0
KL,25/1/2021,71973,71973,0
KL,26/1/2021,71973,71973,0
KL,27/1/2021,82970,82970,0
KL,28/1/2021,106583,106583,0
KL,29/1/2021,135835,135835,0
KL,30/1/2021,158687,158687,0
KL,31/1/2021,165171,165171,0
KL,1/2/2021,193925,193925,0
KL,2/2/2021,224846,224846,0
KL,3/2/2021,246043,246043,0
KL,4/2/2021,270992,270992,0
KL,5/2/2021,286132,286132,0
KL,6/2/2021,291852,291852,0
KL,7/2/2021,292342,292342,0
KL,8/2/2021,307998,307998,0
KL,9/2/2021,322016,322016,0
KL,10/2/2021,326246,326246,0
KL,11/2/2021,333560,333560,0
KL,12/2/2021,345197,345197,0
KL,13/2/2021,356322,356322,0
KL,14/2/2021,358575,358529,46
KL,15/2/2021,370937,367367,3570
KL,16/2/2021,388256,375441,12815
KL,17/2/2021,395187,379034,16153
KL,18/2/2021,410849,386901,23948
KL,19/2/2021,425053,392993,32060
KL,20/2/2021,437893,399064,38829
KL,21/2/2021,438113,399284,38829
KL,22/2/2021,461929,405697,56232
KL,23/2/2021,476808,414509,62299
KL,24/2/2021,493269,422669,70600
KL,25/2/2021,530474,441597,88877
KL,26/2/2021,587311,482445,104866
KL,27/2/2021,587311,482445,104866
KL,28/2/2021,587311,482445,104866
KL,1/3/2021,625123,511510,113613
KL,2/3/2021,662713,541951,120762
KL,3/3/2021,701514,573353,128161
KL,4/3/2021,810847,662393,148454
KL,5/3/2021,902858,736363,166495
LA,16/1/2021,79,79,0
LA,17/1/2021,79,79,0
LA,18/1/2021,119,119,0
LA,19/1/2021,119,119,0
LA,20/1/2021,240,240,0
LA,21/1/2021,240,240,0
LA,22/1/2021,401,401,0
LA,23/1/2021,558,558,0
LA,24/1/2021,558,558,0
LA,25/1/2021,670,670,0
LA,26/1/2021,670,670,0
LA,27/1/2021,818,818,0
LA,28/1/2021,818,818,0
LA,29/1/2021,989,989,0
LA,30/1/2021,1128,1128,0
LA,31/1/2021,1128,1128,0
LA,1/2/2021,1234,1234,0
LA,2/2/2021,1234,1234,0
LA,3/2/2021,1511,1511,0
LA,4/2/2021,1511,1511,0
LA,5/2/2021,1745,1745,0
LA,6/2/2021,1987,1987,0
LA,7/2/2021,1987,1987,0
LA,8/2/2021,2234,2234,0
LA,9/2/2021,2309,2309,0
LA,10/2/2021,2536,2536,0
LA,11/2/2021,2761,2761,0
LA,12/2/2021,2854,2854,0
LA,13/2/2021,2981,2904,77
LA,14/2/2021,2981,2904,77
LA,15/2/2021,2981,2904,77
LA,16/2/2021,3649,3421,228
LA,17/2/2021,4146,3856,290
LA,18/2/2021,4726,4436,290
LA,19/2/2021,5363,5005,358
LA,20/2/2021,6231,5631,600
LA,21/2/2021,6427,5827,600
LA,22/2/2021,7220,6610,610
LA,23/2/2021,7979,7368,611
LA,24/2/2021,8947,8199,748
LA,25/2/2021,9501,8753,748
LA,26/2/2021,10055,9226,829
LA,27/2/2021,10055,9226,829
LA,28/2/2021,10055,9226,829
LA,1/3/2021,10055,9226,829
LA,2/3/2021,10055,9226,829
LA,3/3/2021,10478,9582,896
LA,4/3/2021,12884,11471,1413
LA,5/3/2021,14499,12616,1883
LD,16/1/2021,21,21,0
LD,17/1/2021,21,21,0
LD,18/1/2021,201,201,0
LD,19/1/2021,369,369,0
LD,20/1/2021,369,369,0
LD,21/1/2021,369,369,0
LD,22/1/2021,552,552,0
LD,23/1/2021,633,633,0
LD,24/1/2021,633,633,0
LD,25/1/2021,676,676,0
LD,26/1/2021,676,676,0
LD,27/1/2021,746,746,0
LD,28/1/2021,746,746,0
LD,29/1/2021,746,746,0
LD,30/1/2021,807,807,0
LD,31/1/2021,807,807,0
LD,1/2/2021,807,807,0
LD,2/2/2021,807,807,0
LD,3/2/2021,807,807,0
LD,4/2/2021,807,807,0
LD,5/2/2021,831,831,0
LD,6/2/2021,839,839,0
LD,7/2/2021,839,839,0
LD,8/2/2021,868,868,0
LD,9/2/2021,920,920,0
LD,10/2/2021,920,920,0
LD,11/2/2021,920,920,0
LD,12/2/2021,1776,1776,0
LD,13/2/2021,1776,1776,0
LD,14/2/2021,1776,1776,0
LD,15/2/2021,1776,1776,0
LD,16/2/2021,1924,1809,115
LD,17/2/2021,1924,1809,115
LD,18/2/2021,1924,1809,115
LD,19/2/2021,1924,1809,115
LD,20/2/2021,1924,1809,115
LD,21/2/2021,1924,1809,115
LD,22/2/2021,2924,2333,591
LD,23/2/2021,2964,2343,621
LD,24/2/2021,2983,2344,639
LD,25/2/2021,3041,2353,688
LD,26/2/2021,3078,2368,710
LD,27/2/2021,3078,2368,710
LD,28/2/2021,3078,2368,710
LD,1/3/2021,3212,2410,802
LD,2/3/2021,3216,2413,803
LD,3/3/2021,3216,2413,803
LD,4/3/2021,3216,2413,803
LD,5/3/2021,3300,2482,818
MP,16/1/2021,9600,9600,0
MP,17/1/2021,9600,9600,0
MP,18/1/2021,18174,18174,0
MP,19/1/2021,18174,18174,0
MP,20/1/2021,27770,27770,0
MP,21/1/2021,38278,38278,0
MP,22/1/2021,38278,38278,0
MP,23/1/2021,38278,38278,0
MP,24/1/2021,38278,38278,0
MP,25/1/2021,67083,67083,0
MP,26/1/2021,67083,67083,0
MP,27/1/2021,131679,131679,0
MP,28/1/2021,195187,195187,0
MP,29/1/2021,246181,246181,0
MP,30/1/2021,298376,298376,0
MP,31/1/2021,298376,298376,0
MP,1/2/2021,298376,298376,0
MP,2/2/2021,298376,298376,0
MP,3/2/2021,330722,330722,0
MP,4/2/2021,339386,339386,0
MP,5/2/2021,340625,340625,0
MP,6/2/2021,342016,342016,0
MP,7/2/2021,342016,342016,0
MP,8/2/2021,379251,379251,0
MP,9/2/2021,380285,380285,0
MP,10/2/2021,431702,431702,0
MP,11/2/2021,487271,487271,0
MP,12/2/2021,526095,526095,0
MP,13/2/2021,557105,557105,0
MP,14/2/2021,557105,557105,0
MP,15/2/2021,575728,575728,0
MP,16/2/2021,576610,576610,0
MP,17/2/2021,597537,597537,0
MP,18/2/2021,611640,611640,0
MP,19/2/2021,626391,626391,0
MP,20/2/2021,644583,640805,3778
MP,21/2/2021,644583,640805,3778
MP,22/2/2021,675401,643277,32124
MP,23/2/2021,676960,644431,32529
MP,24/2/2021,724350,646766,77584
MP,25/2/2021,780465,649377,131088
MP,26/2/2021,811316,650684,160632
MP,27/2/2021,811316,650684,160632
MP,28/2/2021,811316,650684,160632
MP,1/3/2021,855097,671302,183795
MP,2/3/2021,855097,671302,183795
MP,3/3/2021,926206,721751,204455
MP,4/3/2021,998891,778691,220200
MP,5/3/2021,1009607,788184,221423
MH,16/1/2021,18338,18338,0
MH,17/1/2021,18338,18338,0
MH,18/1/2021,18582,18582,0
MH,19/1/2021,33484,33484,0
MH,20/1/2021,52055,52055,0
MH,21/1/2021,52393,52393,0
MH,22/1/2021,74960,74960,0
MH,23/1/2021,99885,99885,0
MH,24/1/2021,99885,99885,0
MH,25/1/2021,136901,136901,0
MH,26/1/2021,136901,136901,0
MH,27/1/2021,179509,179509,0
MH,28/1/2021,220587,220587,0
MH,29/1/2021,261320,261320,0
MH,30/1/2021,269064,269064,0
MH,31/1/2021,269064,269064,0
MH,1/2/2021,310825,310825,0
MH,2/2/2021,318744,318744,0
MH,3/2/2021,354633,354633,0
MH,4/2/2021,389577,389577,0
MH,5/2/2021,434943,434943,0
MH,6/2/2021,473480,473480,0
MH,7/2/2021,473480,473480,0
MH,8/2/2021,512476,512476,0
MH,9/2/2021,536436,536436,0
MH,10/2/2021,573681,573681,0
MH,11/2/2021,608573,608573,0
MH,12/2/2021,649660,649660,0
MH,13/2/2021,682609,682420,189
MH,14/2/2021,682933,682744,189
MH,15/2/2021,713133,708276,4857
MH,16/2/2021,740831,731537,9294
MH,17/2/2021,781800,764965,16835
MH,18/2/2021,839566,814682,24884
MH,19/2/2021,860386,831921,28465
MH,20/2/2021,922728,875752,46976
MH,21/2/2021,926466,878829,47637
MH,22/2/2021,985955,916977,68978
MH,23/2/2021,1029363,948539,80824
MH,24/2/2021,1087111,981359,105752
MH,25/2/2021,1142290,1010322,131968
MH,26/2/2021,1202180,1041947,160233
MH,27/2/2021,1202180,1041947,160233
MH,28/2/2021,1202180,1041947,160233
MH,1/3/2021,1237004,1063187,173817
MH,2/3/2021,1285081,1100898,184183
MH,3/3/2021,1368909,1168251,200658
MH,4/3/2021,1471450,1254197,217253
MH,5/3/2021,1597458,1359974,237484
MN,16/1/2021,585,585,0
MN,17/1/2021,687,687,0
MN,18/1/2021,978,978,0
MN,19/1/2021,1111,1111,0
MN,20/1/2021,1454,1454,0
MN,21/1/2021,1454,1454,0
MN,22/1/2021,1923,1923,0
MN,23/1/2021,2319,2319,0
MN,24/1/2021,2319,2319,0
MN,25/1/2021,2485,2485,0
MN,26/1/2021,2485,2485,0
MN,27/1/2021,2855,2855,0
MN,28/1/2021,2855,2855,0
MN,29/1/2021,3399,3399,0
MN,30/1/2021,3987,3987,0
MN,31/1/2021,3987,3987,0
MN,1/2/2021,4373,4373,0
MN,2/2/2021,4739,4739,0
MN,3/2/2021,5872,5872,0
MN,4/2/2021,6095,6095,0
MN,5/2/2021,6874,6874,0
MN,6/2/2021,8256,8256,0
MN,7/2/2021,8334,8334,0
MN,8/2/2021,9989,9989,0
MN,9/2/2021,11078,11078,0
MN,10/2/2021,13747,13747,0
MN,11/2/2021,15944,15944,0
MN,12/2/2021,19563,19563,0
MN,13/2/2021,22417,22362,55
MN,14/2/2021,22895,22726,169
MN,15/2/2021,25771,25452,319
MN,16/2/2021,29038,28579,459
MN,17/2/2021,33525,32748,777
MN,18/2/2021,36735,35834,901
MN,19/2/2021,40019,38585,1434
MN,20/2/2021,41926,40215,1711
MN,21/2/2021,41926,40215,1711
MN,22/2/2021,43597,41799,1798
MN,23/2/2021,45401,43507,1894
MN,24/2/2021,48232,46042,2190
MN,25/2/2021,51177,48938,2239
MN,26/2/2021,54965,52420,2545
MN,27/2/2021,54965,52420,2545
MN,28/2/2021,54965,52420,2545
MN,1/3/2021,56458,53805,2653
MN,2/3/2021,60396,57280,3116
MN,3/3/2021,64089,60566,3523
MN,4/3/2021,66423,62649,3774
MN,5/3/2021,69755,65465,4290
ML,16/1/2021,509,509,0
ML,17/1/2021,509,509,0
ML,18/1/2021,530,530,0
ML,19/1/2021,1037,1037,0
ML,20/1/2021,1365,1365,0
ML,21/1/2021,1785,1785,0
ML,22/1/2021,2078,2078,0
ML,23/1/2021,2236,2236,0
ML,24/1/2021,2236,2236,0
ML,25/1/2021,2748,2748,0
ML,26/1/2021,2748,2748,0
ML,27/1/2021,3249,3249,0
ML,28/1/2021,3870,3870,0
ML,29/1/2021,4200,4200,0
ML,30/1/2021,4324,4324,0
ML,31/1/2021,4324,4324,0
ML,1/2/2021,4564,4564,0
ML,2/2/2021,4694,4694,0
ML,3/2/2021,4806,4806,0
ML,4/2/2021,5469,5469,0
ML,5/2/2021,6213,6213,0
ML,6/2/2021,6859,6859,0
ML,7/2/2021,6859,6859,0
ML,8/2/2021,7662,7662,0
ML,9/2/2021,9069,9069,0
ML,10/2/2021,9760,9760,0
ML,11/2/2021,11642,11642,0
ML,12/2/2021,12797,12797,0
ML,13/2/2021,14089,13998,91
ML,14/2/2021,14089,13998,91
ML,15/2/2021,16223,16053,170
ML,16/2/2021,18226,17889,337
ML,17/2/2021,21691,21221,470
ML,18/2/2021,22281,21674,607
ML,19/2/2021,22901,22285,616
ML,20/2/2021,24506,23877,629
ML,21/2/2021,24506,23877,629
ML,22/2/2021,26958,25998,960
ML,23/2/2021,29390,28190,1200
ML,24/2/2021,29448,28248,1200
ML,25/2/2021,30210,28860,1350
ML,26/2/2021,32191,30465,1726
ML,27/2/2021,32191,30465,1726
ML,28/2/2021,32191,30465,1726
ML,1/3/2021,33122,31202,1920
ML,2/3/2021,34581,32539,2042
ML,3/3/2021,36212,33984,2228
ML,4/3/2021,37921,35382,2539
ML,5/3/2021,41924,38512,3412
MZ,16/1/2021,314,314,0
MZ,17/1/2021,314,314,0
MZ,18/1/2021,554,554,0
MZ,19/1/2021,1091,1091,0
MZ,20/1/2021,1508,1508,0
MZ,21/1/2021,2537,2537,0
MZ,22/1/2021,3657,3657,0
MZ,23/1/2021,3979,3979,0
MZ,24/1/2021,3979,3979,0
MZ,25/1/2021,4852,4852,0
MZ,26/1/2021,4852,4852,0
MZ,27/1/2021,6142,6142,0
MZ,28/1/2021,6728,6728,0
MZ,29/1/2021,8497,8497,0
MZ,30/1/2021,9346,9346,0
MZ,31/1/2021,9346,9346,0
MZ,1/2/2021,9932,9932,0
MZ,2/2/2021,9932,9932,0
MZ,3/2/2021,9995,9995,0
MZ,4/2/2021,10044,10044,0
MZ,5/2/2021,10555,10555,0
MZ,6/2/2021,10937,10937,0
MZ,7/2/2021,10937,10937,0
MZ,8/2/2021,10937,10937,0
MZ,9/2/2021,11046,11046,0
MZ,10/2/2021,11046,11046,0
MZ,11/2/2021,11046,11046,0
MZ,12/2/2021,11332,11332,0
MZ,13/2/2021,11568,11494,74
MZ,14/2/2021,11754,11680,74
MZ,15/2/2021,12557,12330,227
MZ,16/2/2021,12557,12330,227
MZ,17/2/2021,13561,12976,585
MZ,18/2/2021,15115,13731,1384
MZ,19/2/2021,16634,14428,2206
MZ,20/2/2021,16868,14627,2241
MZ,21/2/2021,16868,14627,2241
MZ,22/2/2021,18801,15749,3052
MZ,23/2/2021,20805,17315,3490
MZ,24/2/2021,23674,19643,4031
MZ,25/2/2021,25831,20955,4876
MZ,26/2/2021,27656,21997,5659
MZ,27/2/2021,27656,21997,5659
MZ,28/2/2021,27656,21997,5659
MZ,1/3/2021,29513,22819,6694
MZ,2/3/2021,33466,25374,8092
MZ,3/3/2021,37386,28350,9036
MZ,4/3/2021,40058,30949,9109
MZ,5/3/2021,40975,31804,9171
NL,16/1/2021,561,561,0
NL,17/1/2021,561,561,0
NL,18/1/2021,1436,1436,0
NL,19/1/2021,2360,2360,0
NL,20/1/2021,2988,2988,0
NL,21/1/2021,3187,3187,0
NL,22/1/2021,3443,3443,0
NL,23/1/2021,3443,3443,0
NL,24/1/2021,3443,3443,0
NL,25/1/2021,3675,3675,0
NL,26/1/2021,3675,3675,0
NL,27/1/2021,3973,3973,0
NL,28/1/2021,3973,3973,0
NL,29/1/2021,3973,3973,0
NL,30/1/2021,3993,3993,0
NL,31/1/2021,3993,3993,0
NL,1/2/2021,3998,3998,0
NL,2/2/2021,4093,4093,0
NL,3/2/2021,4244,4244,0
NL,4/2/2021,4405,4405,0
NL,5/2/2021,4515,4515,0
NL,6/2/2021,4535,4535,0
NL,7/2/2021,4535,4535,0
NL,8/2/2021,4973,4973,0
NL,9/2/2021,5826,5826,0
NL,10/2/2021,7167,7167,0
NL,11/2/2021,8371,8371,0
NL,12/2/2021,9125,9125,0
NL,13/2/2021,9684,9684,0
NL,14/2/2021,9818,9695,123
NL,15/2/2021,11942,11601,341
NL,16/2/2021,16234,15025,1209
NL,17/2/2021,18252,16502,1750
NL,18/2/2021,21059,18398,2661
NL,19/2/2021,24022,20603,3419
NL,20/2/2021,25435,21526,3909
NL,21/2/2021,25435,21526,3909
NL,22/2/2021,27809,23391,4418
NL,23/2/2021,29804,24985,4819
NL,24/2/2021,32336,27195,5141
NL,25/2/2021,34116,28691,5425
NL,26/2/2021,35303,29806,5497
NL,27/2/2021,35303,29806,5497
NL,28/2/2021,35303,29806,5497
NL,1/3/2021,35830,30251,5579
NL,2/3/2021,37110,31432,5678
NL,3/3/2021,39576,33810,5766
NL,4/3/2021,41140,35222,5918
NL,5/3/2021,41895,35901,5994
OD,16/1/2021,13746,13746,0
OD,17/1/2021,13746,13746,0
OD,18/1/2021,46506,46506,0
OD,19/1/2021,60797,60797,0
OD,20/1/2021,68743,68743,0
OD,21/1/2021,113623,113623,0
OD,22/1/2021,130007,130007,0
OD,23/1/2021,152371,152371,0
OD,24/1/2021,152371,152371,0
OD,25/1/2021,177090,177090,0
OD,26/1/2021,177090,177090,0
OD,27/1/2021,178227,178227,0
OD,28/1/2021,194058,194058,0
OD,29/1/2021,205200,205200,0
OD,30/1/2021,206424,206424,0
OD,31/1/2021,206424,206424,0
OD,1/2/2021,207462,207462,0
OD,2/2/2021,208205,208205,0
OD,3/2/2021,211346,211346,0
OD,4/2/2021,234923,234923,0
OD,5/2/2021,235680,235680,0
OD,6/2/2021,275055,275055,0
OD,7/2/2021,276323,276323,0
OD,8/2/2021,315725,315725,0
OD,9/2/2021,342254,342254,0
OD,10/2/2021,361623,361623,0
OD,11/2/2021,383023,383023,0
OD,12/2/2021,399670,399670,0
OD,13/2/2021,411939,411939,0
OD,14/2/2021,412046,412046,0
OD,15/2/2021,426790,416756,10034
OD,16/2/2021,428471,417881,10590
OD,17/2/2021,439390,421142,18248
OD,18/2/2021,482613,429212,53401
OD,19/2/2021,501713,433584,68129
OD,20/2/2021,533093,438127,94966
OD,21/2/2021,533093,438127,94966
OD,22/2/2021,566142,443401,122741
OD,23/2/2021,577646,447176,130470
OD,24/2/2021,584948,450361,134587
OD,25/2/2021,612802,458368,154434
OD,26/2/2021,618821,460554,158267
OD,27/2/2021,618821,460554,158267
OD,28/2/2021,618821,460554,158267
OD,1/3/2021,640735,475608,165127
OD,2/3/2021,668498,499346,169152
OD,3/3/2021,696758,525494,171264
OD,4/3/2021,754651,569475,185176
OD,5/3/2021,778730,590213,188517
PY,16/1/2021,274,274,0
PY,17/1/2021,274,274,0
PY,18/1/2021,554,554,0
PY,19/1/2021,759,759,0
PY,20/1/2021,759,759,0
PY,21/1/2021,759,759,0
PY,22/1/2021,1097,1097,0
PY,23/1/2021,1478,1478,0
PY,24/1/2021,1478,1478,0
PY,25/1/2021,1813,1813,0
PY,26/1/2021,1813,1813,0
PY,27/1/2021,1813,1813,0
PY,28/1/2021,1813,1813,0
PY,29/1/2021,2299,2299,0
PY,30/1/2021,2736,2736,0
PY,31/1/2021,2736,2736,0
PY,1/2/2021,2988,2988,0
PY,2/2/2021,3077,3077,0
PY,3/2/2021,3222,3222,0
PY,4/2/2021,3222,3222,0
PY,5/2/2021,3532,3532,0
PY,6/2/2021,3532,3532,0
PY,7/2/2021,3532,3532,0
PY,8/2/2021,3881,3881,0
PY,9/2/2021,4301,4301,0
PY,10/2/2021,4770,4770,0
PY,11/2/2021,4780,4780,0
PY,12/2/2021,5510,5510,0
PY,13/2/2021,6024,5953,71
PY,14/2/2021,6024,5953,71
PY,15/2/2021,6513,6320,193
PY,16/2/2021,6957,6627,330
PY,17/2/2021,7354,6959,395
PY,18/2/2021,8115,7661,454
PY,19/2/2021,9126,8481,645
PY,20/2/2021,10104,9251,853
PY,21/2/2021,10104,9251,853
PY,22/2/2021,10337,9356,981
PY,23/2/2021,10450,9431,1019
PY,24/2/2021,10459,9436,1023
PY,25/2/2021,10479,9455,1024
PY,26/2/2021,11144,9920,1224
PY,27/2/2021,11144,9920,1224
PY,28/2/2021,11144,9920,1224
PY,1/3/2021,11766,10292,1474
PY,2/3/2021,12589,10994,1595
PY,3/3/2021,14845,12948,1897
PY,4/3/2021,16562,14542,2020
PY,5/3/2021,17501,15431,2070
PB,16/1/2021,1327,1327,0
PB,17/1/2021,1327,1327,0
PB,18/1/2021,3318,3318,0
PB,19/1/2021,5567,5567,0
PB,20/1/2021,7607,7607,0
PB,21/1/2021,12532,12532,0
PB,22/1/2021,21340,21340,0
PB,23/1/2021,30319,30319,0
PB,24/1/2021,31327,31327,0
PB,25/1/2021,39418,39418,0
PB,26/1/2021,39418,39418,0
PB,27/1/2021,44708,44708,0
PB,28/1/2021,50977,50977,0
PB,29/1/2021,54988,54988,0
PB,30/1/2021,57499,57499,0
PB,31/1/2021,57499,57499,0
PB,1/2/2021,59285,59285,0
PB,2/2/2021,61381,61381,0
PB,3/2/2021,63663,63663,0
PB,4/2/2021,67861,67861,0
PB,5/2/2021,72855,72855,0
PB,6/2/2021,76430,76430,0
PB,7/2/2021,76430,76430,0
PB,8/2/2021,82127,82127,0
PB,9/2/2021,87181,87181,0
PB,10/2/2021,91669,91669,0
PB,11/2/2021,97668,97668,0
PB,12/2/2021,101861,101861,0
PB,13/2/2021,103858,103799,59
PB,14/2/2021,103858,103799,59
PB,15/2/2021,107854,106797,1057
PB,16/2/2021,111952,109911,2041
PB,17/2/2021,115282,112231,3051
PB,18/2/2021,121774,116199,5575
PB,19/2/2021,129470,120015,9455
PB,20/2/2021,136288,122429,13859
PB,21/2/2021,136796,122527,14269
PB,22/2/2021,148066,127528,20538
PB,23/2/2021,157585,133718,23867
PB,24/2/2021,166693,139305,27388
PB,25/2/2021,181892,149029,32863
PB,26/2/2021,190800,154449,36351
PB,27/2/2021,190800,154449,36351
PB,28/2/2021,190800,154449,36351
PB,1/3/2021,200044,161361,38683
PB,2/3/2021,209370,169159,40211
PB,3/3/2021,221415,179181,42234
PB,4/3/2021,235698,191228,44470
PB,5/3/2021,252855,205837,47018
RJ,16/1/2021,9279,9279,0
RJ,17/1/2021,9279,9279,0
RJ,18/1/2021,23546,23546,0
RJ,19/1/2021,32379,32379,0
RJ,20/1/2021,32379,32379,0
RJ,21/1/2021,32379,32379,0
RJ,22/1/2021,43947,43947,0
RJ,23/1/2021,67270,67270,0
RJ,24/1/2021,93525,93525,0
RJ,25/1/2021,161116,161116,0
RJ,26/1/2021,161332,161332,0
RJ,27/1/2021,237137,237137,0
RJ,28/1/2021,257833,257833,0
RJ,29/1/2021,324973,324973,0
RJ,30/1/2021,329611,329611,0
RJ,31/1/2021,330797,330797,0
RJ,1/2/2021,333930,333930,0
RJ,2/2/2021,339218,339218,0
RJ,3/2/2021,363521,363521,0
RJ,4/2/2021,384810,384810,0
RJ,5/2/2021,414422,414422,0
RJ,6/2/2021,459652,459652,0
RJ,7/2/2021,460994,460994,0
RJ,8/2/2021,487848,487848,0
RJ,9/2/2021,491543,491543,0
RJ,10/2/2021,559990,559990,0
RJ,11/2/2021,590990,590990,0
RJ,12/2/2021,606694,606694,0
RJ,13/2/2021,609568,609568,0
RJ,14/2/2021,610088,610088,0
RJ,15/2/2021,627710,618919,8791
RJ,16/2/2021,637021,622374,14647
RJ,17/2/2021,760075,744741,15334
RJ,18/2/2021,762913,747420,15493
RJ,19/2/2021,799719,780665,19054
RJ,20/2/2021,821059,782701,38358
RJ,21/2/2021,821059,782701,38358
RJ,22/2/2021,844893,782710,62183
RJ,23/2/2021,878043,783205,94838
RJ,24/2/2021,931222,783652,147570
RJ,25/2/2021,950386,797900,152486
RJ,26/2/2021,1023207,798447,224760
RJ,27/2/2021,1023207,798447,224760
RJ,28/2/2021,1023207,798447,224760
RJ,1/3/2021,1109553,863992,245561
RJ,2/3/2021,1261773,1005225,256548
RJ,3/3/2021,1490232,1220438,269794
RJ,4/3/2021,1609343,1326074,283269
RJ,5/3/2021,1891118,1585089,306029
SK,16/1/2021,120,120,0
SK,17/1/2021,120,120,0
SK,18/1/2021,120,120,0
SK,19/1/2021,358,358,0
SK,20/1/2021,573,573,0
SK,21/1/2021,773,773,0
SK,22/1/2021,960,960,0
SK,23/1/2021,960,960,0
SK,24/1/2021,960,960,0
SK,25/1/2021,1047,1047,0
SK,26/1/2021,1047,1047,0
SK,27/1/2021,1320,1320,0
SK,28/1/2021,1776,1776,0
SK,29/1/2021,2020,2020,0
SK,30/1/2021,2020,2020,0
SK,31/1/2021,2020,2020,0
SK,1/2/2021,2166,2166,0
SK,2/2/2021,2647,2647,0
SK,3/2/2021,3425,3425,0
SK,4/2/2021,4264,4264,0
SK,5/2/2021,5139,5139,0
SK,6/2/2021,5372,5372,0
SK,7/2/2021,5372,5372,0
SK,8/2/2021,6007,6007,0
SK,9/2/2021,6961,6961,0
SK,10/2/2021,7808,7808,0
SK,11/2/2021,8316,8316,0
SK,12/2/2021,8335,8335,0
SK,13/2/2021,8335,8335,0
SK,14/2/2021,8335,8335,0
SK,15/2/2021,8543,8543,0
SK,16/2/2021,9148,8991,157
SK,17/2/2021,9760,9509,251
SK,18/2/2021,10500,10143,357
SK,19/2/2021,11800,11102,698
SK,20/2/2021,12565,11865,700
SK,21/2/2021,12565,11865,700
SK,22/2/2021,14159,13384,775
SK,23/2/2021,15694,14721,973
SK,24/2/2021,16931,15875,1056
SK,25/2/2021,17858,16630,1228
SK,26/2/2021,18312,16951,1361
SK,27/2/2021,18312,16951,1361
SK,28/2/2021,18312,16951,1361
SK,1/3/2021,19398,17516,1882
SK,2/3/2021,20430,18428,2002
SK,3/3/2021,21918,19675,2243
SK,4/3/2021,24030,21341,2689
SK,5/3/2021,26993,23234,3759
TN,16/1/2021,2945,2945,0
TN,17/1/2021,8834,8834,0
TN,18/1/2021,16462,16462,0
TN,19/1/2021,25908,25908,0
TN,20/1/2021,33670,33670,0
TN,21/1/2021,42947,42947,0
TN,22/1/2021,51651,51651,0
TN,23/1/2021,59226,59226,0
TN,24/1/2021,61720,61720,0
TN,25/1/2021,69027,69027,0
TN,26/1/2021,73953,73953,0
TN,27/1/2021,82039,82039,0
TN,28/1/2021,88467,88467,0
TN,29/1/2021,97126,97126,0
TN,30/1/2021,105821,105821,0
TN,31/1/2021,105821,105821,0
TN,1/2/2021,112687,112687,0
TN,2/2/2021,120745,120745,0
TN,3/2/2021,133434,133434,0
TN,4/2/2021,145928,145928,0
TN,5/2/2021,157324,157324,0
TN,6/2/2021,166408,166408,0
TN,7/2/2021,166408,166408,0
TN,8/2/2021,175027,175027,0
TN,9/2/2021,185577,185577,0
TN,10/2/2021,197392,197392,0
TN,11/2/2021,211762,211762,0
TN,12/2/2021,227542,227542,0
TN,13/2/2021,247574,246420,1154
TN,14/2/2021,247574,246420,1154
TN,15/2/2021,269219,264283,4936
TN,16/2/2021,290248,280892,9356
TN,17/2/2021,309377,295338,14039
TN,18/2/2021,329817,309692,20125
TN,19/2/2021,350283,324537,25746
TN,20/2/2021,370846,339686,31160
TN,21/2/2021,370846,339686,31160
TN,22/2/2021,385600,349527,36073
TN,23/2/2021,400400,359063,41337
TN,24/2/2021,414827,368678,46149
TN,25/2/2021,429255,378411,50844
TN,26/2/2021,445328,388896,56432
TN,27/2/2021,445328,388896,56432
TN,28/2/2021,445328,388896,56432
TN,1/3/2021,480411,414032,66379
TN,2/3/2021,522054,450651,71403
TN,3/3/2021,588391,510361,78030
TN,4/3/2021,669417,585353,84064
TN,5/3/2021,761625,670563,91062
TR,16/1/2021,355,355,0
TR,17/1/2021,355,355,0
TR,18/1/2021,1736,1736,0
TR,19/1/2021,3734,3734,0
TR,20/1/2021,3734,3734,0
TR,21/1/2021,9272,9272,0
TR,22/1/2021,14252,14252,0
TR,23/1/2021,14252,14252,0
TR,24/1/2021,14252,14252,0
TR,25/1/2021,19698,19698,0
TR,26/1/2021,19698,19698,0
TR,27/1/2021,19698,19698,0
TR,28/1/2021,24302,24302,0
TR,29/1/2021,27617,27617,0
TR,30/1/2021,29796,29796,0
TR,31/1/2021,29796,29796,0
TR,1/2/2021,31190,31190,0
TR,2/2/2021,32196,32196,0
TR,3/2/2021,32340,32340,0
TR,4/2/2021,35191,35191,0
TR,5/2/2021,37359,37359,0
TR,6/2/2021,40347,40347,0
TR,7/2/2021,40405,40405,0
TR,8/2/2021,45674,45674,0
TR,9/2/2021,51449,51449,0
TR,10/2/2021,52908,52908,0
TR,11/2/2021,59438,59438,0
TR,12/2/2021,65288,65288,0
TR,13/2/2021,69562,69196,366
TR,14/2/2021,69562,69196,366
TR,15/2/2021,75305,73814,1491
TR,16/2/2021,75415,73924,1491
TR,17/2/2021,77926,75565,2361
TR,18/2/2021,85796,79030,6766
TR,19/2/2021,92176,81042,11134
TR,20/2/2021,93956,82369,11587
TR,21/2/2021,93956,82369,11587
TR,22/2/2021,99320,84254,15066
TR,23/2/2021,102138,85789,16349
TR,24/2/2021,102752,86336,16416
TR,25/2/2021,108014,88487,19527
TR,26/2/2021,110978,89449,21529
TR,27/2/2021,110978,89449,21529
TR,28/2/2021,110978,89449,21529
TR,1/3/2021,113770,90990,22780
TR,2/3/2021,117869,93639,24230
TR,3/3/2021,119631,94404,25227
TR,4/3/2021,125814,98906,26908
TR,5/3/2021,132681,103590,29091
TS,16/1/2021,3962,3962,0
TS,17/1/2021,3962,3962,0
TS,18/1/2021,17408,17408,0
TS,19/1/2021,69405,69405,0
TS,20/1/2021,69405,69405,0
TS,21/1/2021,97087,97087,0
TS,22/1/2021,110031,110031,0
TS,23/1/2021,110031,110031,0
TS,24/1/2021,110031,110031,0
TS,25/1/2021,130390,130390,0
TS,26/1/2021,130425,130425,0
TS,27/1/2021,130425,130425,0
TS,28/1/2021,151246,151246,0
TS,29/1/2021,166606,166606,0
TS,30/1/2021,168606,168606,0
TS,31/1/2021,168606,168606,0
TS,1/2/2021,168771,168771,0
TS,2/2/2021,170043,170043,0
TS,3/2/2021,176732,176732,0
TS,4/2/2021,188279,188279,0
TS,5/2/2021,193667,193667,0
TS,6/2/2021,209104,209104,0
TS,7/2/2021,209104,209104,0
TS,8/2/2021,229027,229027,0
TS,9/2/2021,243665,243665,0
TS,10/2/2021,258122,258122,0
TS,11/2/2021,270615,270615,0
TS,12/2/2021,278250,278250,0
TS,13/2/2021,282188,278915,3273
TS,14/2/2021,282188,278915,3273
TS,15/2/2021,293442,279237,14205
TS,16/2/2021,332847,279497,53350
TS,17/2/2021,333235,279534,53701
TS,18/2/2021,353113,279832,73281
TS,19/2/2021,366328,280277,86051
TS,20/2/2021,368132,280973,87159
TS,21/2/2021,368132,280973,87159
TS,22/2/2021,387301,281365,105936
TS,23/2/2021,387549,281382,106167
TS,24/2/2021,389970,283387,106583
TS,25/2/2021,398078,284058,114020
TS,26/2/2021,419791,289772,130019
TS,27/2/2021,419791,289772,130019
TS,28/2/2021,419791,289772,130019
TS,1/3/2021,424274,294255,130019
TS,2/3/2021,435329,303387,131942
TS,3/3/2021,450803,318861,131942
TS,4/3/2021,472010,340068,131942
TS,5/3/2021,486049,354107,131942
UP,16/1/2021,22620,22620,0
UP,17/1/2021,22620,22620,0
UP,18/1/2021,22644,22644,0
UP,19/1/2021,22644,22644,0
UP,20/1/2021,22644,22644,0
UP,21/1/2021,22644,22644,0
UP,22/1/2021,123761,123761,0
UP,23/1/2021,123761,123761,0
UP,24/1/2021,123761,123761,0
UP,25/1/2021,123761,123761,0
UP,26/1/2021,123761,123761,0
UP,27/1/2021,123761,123761,0
UP,28/1/2021,294959,294959,0
UP,29/1/2021,463793,463793,0
UP,30/1/2021,463793,463793,0
UP,31/1/2021,463793,463793,0
UP,1/2/2021,463793,463793,0
UP,2/2/2021,463793,463793,0
UP,3/2/2021,463793,463793,0
UP,4/2/2021,589101,589101,0
UP,5/2/2021,673542,673542,0
UP,6/2/2021,673542,673542,0
UP,7/2/2021,673542,673542,0
UP,8/2/2021,673542,673542,0
UP,9/2/2021,673542,673542,0
UP,10/2/2021,673542,673542,0
UP,11/2/2021,763421,763421,0
UP,12/2/2021,858602,858602,0
UP,13/2/2021,858602,858602,0
UP,14/2/2021,858602,858602,0
UP,15/2/2021,934962,916568,18394
UP,16/2/2021,934962,916568,18394
UP,17/2/2021,934962,916568,18394
UP,18/2/2021,1070895,1052431,18464
UP,19/2/2021,1152042,1066290,85752
UP,20/2/2021,1152042,1066290,85752
UP,21/2/2021,1152042,1066290,85752
UP,22/2/2021,1226775,1140754,86021
UP,23/2/2021,1226775,1140754,86021
UP,24/2/2021,1226775,1140754,86021
UP,25/2/2021,1370739,1167285,203454
UP,26/2/2021,1480983,1170925,310058
UP,27/2/2021,1480983,1170925,310058
UP,28/2/2021,1480983,1170925,310058
UP,1/3/2021,1488421,1178302,310119
UP,2/3/2021,1488421,1178302,310119
UP,3/3/2021,1488421,1178302,310119
UP,4/3/2021,1592712,1228226,364486
UP,5/3/2021,1701661,1291419,410242
UK,16/1/2021,2276,2276,0
UK,17/1/2021,2276,2276,0
UK,18/1/2021,4237,4237,0
UK,19/1/2021,6119,6119,0
UK,20/1/2021,6119,6119,0
UK,21/1/2021,8206,8206,0
UK,22/1/2021,10514,10514,0
UK,23/1/2021,10514,10514,0
UK,24/1/2021,10514,10514,0
UK,25/1/2021,14546,14546,0
UK,26/1/2021,14546,14546,0
UK,27/1/2021,14690,14690,0
UK,28/1/2021,19517,19517,0
UK,29/1/2021,25818,25818,0
UK,30/1/2021,28791,28791,0
UK,31/1/2021,31228,31228,0
UK,1/2/2021,37505,37505,0
UK,2/2/2021,43430,43430,0
UK,3/2/2021,54153,54153,0
UK,4/2/2021,62858,62858,0
UK,5/2/2021,70292,70292,0
UK,6/2/2021,73762,73762,0
UK,7/2/2021,74607,74607,0
UK,8/2/2021,79283,79283,0
UK,9/2/2021,85359,85359,0
UK,10/2/2021,90483,90483,0
UK,11/2/2021,97618,97618,0
UK,12/2/2021,104052,104052,0
UK,13/2/2021,108974,108974,0
UK,14/2/2021,110326,110326,0
UK,15/2/2021,116702,115281,1421
UK,16/2/2021,121726,119060,2666
UK,17/2/2021,126719,123656,3063
UK,18/2/2021,130700,126454,4246
UK,19/2/2021,135452,129221,6231
UK,20/2/2021,138054,130908,7146
UK,21/2/2021,138550,131384,7166
UK,22/2/2021,143318,133636,9682
UK,23/2/2021,147300,136058,11242
UK,24/2/2021,151002,139169,11833
UK,25/2/2021,154994,140671,14323
UK,26/2/2021,161786,142340,19446
UK,27/2/2021,161786,142340,19446
UK,28/2/2021,161786,142340,19446
UK,1/3/2021,165512,143835,21677
UK,2/3/2021,174562,149030,25532
UK,3/3/2021,185793,154382,31411
UK,4/3/2021,206358,164776,41582
UK,5/3/2021,225030,176012,49018
WB,16/1/2021,15707,15707,0
WB,17/1/2021,15707,15707,0
WB,18/1/2021,29866,29866,0
WB,19/1/2021,43559,43559,0
WB,20/1/2021,46310,46310,0
WB,21/1/2021,53988,53988,0
WB,22/1/2021,84505,84505,0
WB,23/1/2021,84505,84505,0
WB,24/1/2021,84505,84505,0
WB,25/1/2021,122851,122851,0
WB,26/1/2021,122851,122851,0
WB,27/1/2021,158193,158193,0
WB,28/1/2021,187485,187485,0
WB,29/1/2021,221994,221994,0
WB,30/1/2021,243069,243069,0
WB,31/1/2021,243143,243143,0
WB,1/2/2021,266407,266407,0
WB,2/2/2021,288245,288245,0
WB,3/2/2021,301091,301091,0
WB,4/2/2021,320668,320668,0
WB,5/2/2021,344227,344227,0
WB,6/2/2021,354000,354000,0
WB,7/2/2021,354000,354000,0
WB,8/2/2021,377608,377608,0
WB,9/2/2021,404001,404001,0
WB,10/2/2021,427042,427042,0
WB,11/2/2021,453303,453303,0
WB,12/2/2021,485054,485054,0
WB,13/2/2021,515117,512772,2345
WB,14/2/2021,516952,514570,2382
WB,15/2/2021,555120,545299,9821
WB,16/2/2021,556450,546433,10017
WB,17/2/2021,573746,557880,15866
WB,18/2/2021,607535,583613,23922
WB,19/2/2021,650976,609987,40989
WB,20/2/2021,683057,633271,49786
WB,21/2/2021,689164,639252,49912
WB,22/2/2021,743590,673939,69651
WB,23/2/2021,801677,720569,81108
WB,24/2/2021,886491,787013,99478
WB,25/2/2021,993106,872999,120107
WB,26/2/2021,1106181,961416,144765
WB,27/2/2021,1106181,961416,144765
WB,28/2/2021,1106181,961416,144765
WB,1/3/2021,1124158,975574,148584
WB,2/3/2021,1192882,1025696,167186
WB,3/3/2021,1279958,1090793,189165
WB,4/3/2021,1376553,1165605,210948
WB,5/3/2021,1487060,1253831,233229
